amount,transaction_hour,device_score,account_age,previous_transactions,location_score,is_fraud
500,10,0.95,48,20,0.95,0
1200,14,0.90,60,15,0.90,0
850,11,0.88,36,10,0.85,0
2300,16,0.92,72,25,0.95,0
450,9,0.97,120,30,0.98,0
1800,13,0.85,48,12,0.88,0
750,15,0.91,84,18,0.93,0
3200,17,0.89,96,22,0.90,0
95000,2,0.10,3,1,0.15,1
85000,1,0.15,2,2,0.20,1
45000,3,0.20,4,1,0.10,1
120000,2,0.08,1,1,0.05,1
67000,4,0.18,5,2,0.12,1
55000,1,0.12,3,1,0.08,1
90000,3,0.05,2,1,0.10,1
72000,0,0.14,4,2,0.15,1
1500,12,0.93,72,20,0.94,0
2100,15,0.87,48,16,0.91,0
60000,2,0.11,2,1,0.09,1
1100,10,0.96,96,25,0.97,0
